Nama Gambar,Total Pixel,Global Foreground Pixel,Global Foreground (%),Nilai Otsu,Otsu Foreground Pixel,Otsu Foreground (%),Opening Foreground Pixel,Opening (%),Closing Foreground Pixel,Closing (%),Hasil Klasifikasi
01_HighQuality_Enhanced.jpg,438404,31016,7.07,158.0,34869,7.95,32038,7.31,32500,7.41,SIGNATURE PRESENT
02_LowContrast.jpg,438404,4526,1.03,198.0,35082,8.0,32529,7.42,32980,7.52,SIGNATURE PRESENT
03_Blurred.jpg,438404,10937,2.49,199.0,50753,11.58,50462,11.51,50668,11.56,SIGNATURE PRESENT
04_HighNoise.jpg,438404,27536,6.28,165.0,34242,7.81,30793,7.02,31335,7.15,SIGNATURE PRESENT
05_LowResolution_Upsampled.jpg,438404,22786,5.2,181.0,38738,8.84,38005,8.67,38273,8.73,SIGNATURE PRESENT
06_Faded_Underexposed.jpg,438404,36208,8.26,123.0,35094,8.0,32709,7.46,33128,7.56,SIGNATURE PRESENT
07_ColorShift_WarmTint.jpg,438404,28943,6.6,164.0,35010,7.99,32451,7.4,32905,7.51,SIGNATURE PRESENT
08_JPEGCompression_Artifacts.jpg,438404,27328,6.23,171.0,35205,8.03,33188,7.57,33565,7.66,SIGNATURE PRESENT
09_CombinedDegradation.jpg,438404,31008,7.07,144.0,37565,8.57,36525,8.33,36761,8.39,SIGNATURE PRESENT
